Memberid,name,phone,email,address					
101,Nikhil Mehta,1254698752,nikhil123@gmail.com,0d						
102,Harshit Chauhan,1256398741,harshit@yahoo.com,0e						
103,Dhruv Shrivastav,569823147,dhruv@gmail.com,12						
104,Aditya Kumar,4136589745,aditya@yahoo.com,Mumbai						
105,Abhishek Gupta,1144558563,abhi123@gmail.com,DELHI					
106,Alvin,4879652314,alvin456@yahoo.com,AGRA						
107,Ankush,5321698756,ankush456@gmail.com,BANGALORE						
108,Ashutosh Singh,4521698763,ashutosh12345@gmail.com,ADRA					
109,Abhinav Sen,7879654231,abhi458@gmail.com,ASANSOL						
110,Uday Sethi,1245698756,uday12@gmail.com,DHANBAD						
